<?xml version='1.0' encoding='utf-8' standalone='yes' ?>
<map>
    <long name="first_open_time" value="1736408723887" />
    <string name="admob_app_id">ca-app-pub-8324359849678042~6537795099</string>
    <string name="gmp_app_id">1:986234973747:android:29cf4fca865be3cedb3d46</string>
    <string name="app_instance_id">809bcaf2d921748698e3f551b759a0c0</string>
    <boolean name="has_been_opened" value="true" />
    <boolean name="app_backgrounded" value="true" />
    <boolean name="allow_remote_dynamite" value="true" />
    <long name="health_monitor:start" value="1755115020235" />
    <boolean name="use_service" value="true" />
    <boolean name="start_new_session" value="true" />
</map>
