<?xml version='1.0' encoding='utf-8' standalone='yes' ?>
<map>
    <string name="phc_Q9B2wFEkIh5ZwBGV83PKiDLXSXaopuDvtK1KHR8jAYy">{&quot;packageStartDate&quot;:&quot;2024-12-06T07:30:00.000+05:30&quot;,&quot;anonymousId&quot;:&quot;3d0f3e1d-b295-48da-914b-dd389d89f7fd&quot;,&quot;packageCurrentStatus&quot;:&quot;ACTIVE&quot;,&quot;packageStartDateEpochSec&quot;:1733450400,&quot;isRecurringPack&quot;:false,&quot;packageAmountCurr&quot;:&quot;INR&quot;,&quot;packageDaysTotal&quot;:365,&quot;packageDaysRemaining&quot;:114,&quot;packageEndDate&quot;:&quot;2025-12-06T07:30:00.000+05:30&quot;,&quot;userId&quot;:&quot;6752a7f121401a06f3bd7e42&quot;,&quot;packageTitle&quot;:&quot;1 Year Combo&quot;,&quot;packageEndDateEpochSec&quot;:1764986400,&quot;isPaidUser&quot;:true,&quot;authProvider&quot;:&quot;FIRESTIX&quot;,&quot;distinctId&quot;:&quot;6752a7f121401a06f3bd7e42&quot;,&quot;packageTitleSlug&quot;:&quot;1-year-android-31102024-atrangii-combo&quot;,&quot;phone&quot;:&quot;9679908097&quot;,&quot;FullName&quot;:&quot;jhaut Modder&quot;,&quot;subscriptionActive&quot;:true,&quot;username&quot;:&quot;9679908097&quot;,&quot;packageAmount&quot;:333.0}</string>
    <boolean name="namespaceSharedPreferences" value="false" />
    <int name="build" value="57" />
    <string name="version">2.0.25</string>
    <boolean name="d780d6a6-8461-4340-bb7a-127cca7d0747" value="true" />
    <boolean name="opt-out" value="false" />
</map>
