{"configs_key":{"staging_active_watch_history_flow":"false","staging_show_whatsapp_button":"true","prod_android_tavas_enable":"true","prod_show_whatsapp_button":"false","staging_active_delete_account_flow":"false","prod_toll_free_no_text":"1800 102 1470","staging_show_couponcode":"true","staging_show_subscription_note_text":"true","staging_show_toll_free_no":"false","prod_toll_free_no":"false","prod_show_couponcode":"true","prod_active_watch_history_flow":"false","prod_show_exit_ads":"false","prod_show_firetv":"true","prod_active_delete_account_flow":"false","and_prod_enable_delete_account_button":"false","staging_toll_free_no":"false","prod_android_rating_tags_enable":"false","prod_show_subscription_note_text":"true","staging_show_firetv":"true","SHOW_ULLU_IN_SMENU_ANDROID":"false","prod_show_toll_free_no":"false","staging_toll_free_no_text":"1800 102 1470","stage_android_rating_tags_enable":"true","prod_show_banner_ads_android":"false"},"fetch_time_key":0,"abt_experiments_key":[]}