{"configs_key":{"SHOW_ULLU_IN_SMENU_ANDROID":"false","SHOW_ULLU_IN_SMENU_IOS":"false","SHOW_ULLU_IN_SMENU_WEB":"false","and_prod_enable_delete_account_button":"true","get_subscriptions_methods":"A","ios_prod_enable_delete_account_button":"true","prod_active_delete_account_flow":"false","prod_active_watch_history_flow":"false","prod_android_rating_tags_enable":"true","prod_android_tavas_enable":"true","prod_ios_rating_tags_enable":"true","prod_ios_tavas_enable":"true","prod_show_banner_ads_android":"true","prod_show_banner_ads_ios":"true","prod_show_couponcode":"true","prod_show_exit_ads":"false","prod_show_firetv":"true","prod_show_subscription_note_text":"true","prod_show_toll_free_no":"true","prod_show_whatsapp_button":"false","prod_toll_free_no":"false","prod_toll_free_no_text":"9699009958","prod_whatsapp_no_text":"919936667220"},"fetch_time_key":1736408725666,"abt_experiments_key":[]}