{"Fid":"ftIXAzUHR22kMU2nudyigv","Status":3,"AuthToken":"eyJhbGciOiJFUzI1NiIsInR5cCI6IkpXVCJ9.eyJhcHBJZCI6IjE6OTg2MjM0OTczNzQ3OmFuZHJvaWQ6MjljZjRmY2E4NjViZTNjZWRiM2Q0NiIsImV4cCI6MTc1NTcxOTgxMSwiZmlkIjoiZnRJWEF6VUhSMjJrTVUybnVkeWlndiIsInByb2plY3ROdW1iZXIiOjk4NjIzNDk3Mzc0N30.AB2LPV8wRgIhAI5t8CY96_6iO9FdbRLsw4TzpAe3Lwz4z4w_8QxJtT7HAiEA9XWdlJ92yb7jUSSQHeUATreVyox1Wch_oSQ6loeHpvw","RefreshToken":"3_AS3qfwL_srb_es-RER9RR1ytnKw2YfEKHXxEg5gNTd6MB1YAG5MQYfj9SLJT3qGRMd-9PSBzxYjM6D_As4zFY0U8nODlq8wLWqoe0t_wOz_-ZZQ","TokenCreationEpochInSecs":1755115010,"ExpiresInSecs":604800}